地址,经度,纬度,业务分类,客户名称,所在城市,所属团队,汇总时间,项目名称,项目周期,商务负责人,合同额（万元）,款项名称,开票额（万元）,到帐额（万元）,地产品牌,已开票未到账额,未执行完合同额,类型
上海市浦东新区龙阳路2277号201-3室,,,零售和其他,上海众聘信息科技有限公司,上海,数据科学团队,2015-07-05 00:00:00,数据咨询服务合同,零期,汤舸,5,,,,,,,脉策经营收入
上海市浦东新区龙阳路2277号201-3室,,,零售和其他,上海众聘信息科技有限公司,上海,数据科学团队,2015-08-04 00:00:00,数据咨询服务合同,一期,汤舸,,一期款,5,,,,,脉策经营收入
上海市浦东新区龙阳路2277号201-3室,,,零售和其他,上海众聘信息科技有限公司,上海,数据科学团队,2015-08-14 00:00:00,数据咨询服务合同,一期,汤舸,,一期款,,5,,,,脉策经营收入
上海市黄浦区中山东一路23号,,,零售和其他,中国银行上海分行,上海,数据科学团队,2015-10-20 00:00:00,数据咨询服务合同,零期,王咏笑,4.98,,,,,,,脉策经营收入
上海市黄浦区中山东一路23号,,,零售和其他,中国银行上海分行,上海,数据科学团队,2015-11-20 00:00:00,数据咨询服务合同,一期,王咏笑,,一期款,4.98,,,,,脉策经营收入
上海市黄浦区中山东一路23号,,,零售和其他,中国银行上海分行,上海,数据科学团队,2015-12-07 00:00:00,数据咨询服务合同,一期,王咏笑,,一期款,,4.98,,,,脉策经营收入
上海市淮海中路1555号,,,零售和其他,上海图书馆（上海科学技术情报所）,上海,数据科学团队,2015-10-12 00:00:00,数据咨询服务合同,零期,王咏笑,5,,,,,,,脉策经营收入
上海市淮海中路1555号,,,零售和其他,上海图书馆（上海科学技术情报所）,上海,数据科学团队,2015-11-07 00:00:00,数据咨询服务合同,一期,王咏笑,,一期款,5,,,,,脉策经营收入
上海市淮海中路1555号,,,零售和其他,上海图书馆（上海科学技术情报所）,上海,数据科学团队,2015-11-14 00:00:00,数据咨询服务合同,一期,王咏笑,,一期款,,5,,,,脉策经营收入
安徽省合肥市滨湖新区西藏路与林芝路交口社区服务中心526室,,,城市,合肥万科新城地产有限公司,合肥,城市事业部,2015-12-01 00:00:00,数据咨询服务合同,零期,高怡俊,5,,,,万科,,,脉策经营收入
安徽省合肥市滨湖新区西藏路与林芝路交口社区服务中心526室,,,城市,合肥万科新城地产有限公司,合肥,城市事业部,2015-12-08 00:00:00,数据咨询服务合同,一期,高怡俊,,一期款,5,,万科,,,脉策经营收入
安徽省合肥市滨湖新区西藏路与林芝路交口社区服务中心526室,,,城市,合肥万科新城地产有限公司,合肥,城市事业部,2015-10-18 00:00:00,数据咨询服务合同,一期,高怡俊,,一期款,,5,万科,,,脉策经营收入
上海市人民大道200号,,,城市,上海市发展改革委员会,上海,城市事业部,2016-06-01 00:00:00,发改委十三五监测系统,零期,高怡俊,40,,,,,,,脉策经营收入
上海市人民大道200号,,,城市,上海市发展改革委员会,上海,城市事业部,2016-09-28 00:00:00,发改委十三五监测系统,一期,高怡俊,,一期款,16,,,,,脉策经营收入
上海市人民大道200号,,,城市,上海市发展改革委员会,上海,城市事业部,2016-10-18 00:00:00,发改委十三五监测系统,一期,高怡俊,,一期款,,16,,,,脉策经营收入
上海市人民大道200号,,,城市,上海市发展改革委员会,上海,城市事业部,2016-12-12 00:00:00,发改委十三五监测系统,二期,高怡俊,,二期款,24,,,,,脉策经营收入
上海市人民大道200号,,,城市,上海市发展改革委员会,上海,城市事业部,2016-12-26 00:00:00,发改委十三五监测系统,二期,高怡俊,,二期款,,24,,,,脉策经营收入
上海市铜仁路331号同仁大楼3-13层,,,城市,上海市城市规划设计研究院,上海,城市事业部,2016-07-10 00:00:00,数据咨询服务合同,零期,高怡俊,10,,,,,,,脉策经营收入
上海市铜仁路331号同仁大楼3-13层,,,城市,上海市城市规划设计研究院,上海,城市事业部,2016-11-18 00:00:00,数据咨询服务合同,一期,高怡俊,,一期款,10,,,,,脉策经营收入
上海市铜仁路331号同仁大楼3-13层,,,城市,上海市城市规划设计研究院,上海,城市事业部,2016-12-03 00:00:00,数据咨询服务合同,一期,高怡俊,,一期款,,10,,,,脉策经营收入
中国（上海）自由贸易试验区张江路727号208A,,,地产,上海万科投资管理有限公司,上海,地产事业部,2016-09-09 00:00:00,数据应用平台开发,零期,郭斌亮,10,,,,万科,,,脉策经营收入
中国（上海）自由贸易试验区张江路727号208A,,,地产,上海万科投资管理有限公司,上海,地产事业部,2016-11-22 00:00:00,数据应用平台开发,一期,郭斌亮,,一期款,10,,万科,,,脉策经营收入
中国（上海）自由贸易试验区张江路727号208A,,,地产,上海万科投资管理有限公司,上海,地产事业部,2016-12-21 00:00:00,数据应用平台开发,一期,郭斌亮,,一期款,,10,万科,,,脉策经营收入
北京市东直门外大街39号京投快轨大厦608,,,零售和其他,北京腾云天下科技有限公司,北京,后台,2016-11-08 00:00:00,服务费用,零期,汤舸,25,,,,,,,脉策经营收入
北京市东直门外大街39号京投快轨大厦608,,,零售和其他,北京腾云天下科技有限公司,北京,后台,2016-12-07 00:00:00,服务费用,一期,汤舸,,一期款,25,,,,,脉策经营收入
北京市东直门外大街39号京投快轨大厦608,,,零售和其他,北京腾云天下科技有限公司,北京,后台,2016-12-16 00:00:00,服务费用,一期,汤舸,,一期款,,25,,,,脉策经营收入
上海市国泰路11号复旦科技园大厦,,,培训,上海复旦规划建筑设计研究院有限公司,上海,培训事业部,2016-12-01 00:00:00,数据咨询服务合同,零期,黄积小,8.84,,,,,,,脉策经营收入
上海市国泰路11号复旦科技园大厦,,,培训,上海复旦规划建筑设计研究院有限公司,上海,培训事业部,2016-12-15 00:00:00,数据咨询服务合同,一期,黄积小,,一期款,8.84,,,,,脉策经营收入
上海市国泰路11号复旦科技园大厦,,,培训,上海复旦规划建筑设计研究院有限公司,上海,培训事业部,2016-12-28 00:00:00,数据咨询服务合同,一期,黄积小,,一期款,,8.84,,,,脉策经营收入
上海市闵行区申长路988弄虹桥万科中心3号楼7楼,,,地产,上海万科投资管理有限公司,上海,地产事业部,2017-01-03 00:00:00,触摸屏系统,零期,郭斌亮,2.6676,,,,万科,,,脉策经营收入
上海市闵行区申长路988弄虹桥万科中心3号楼7楼,,,地产,上海万科投资管理有限公司,上海,地产事业部,2017-01-03 00:00:00,触摸屏系统,一期,郭斌亮,,一期款,2.6676,,万科,,,脉策经营收入
上海市闵行区申长路988弄虹桥万科中心3号楼7楼,,,地产,上海万科投资管理有限公司,上海,地产事业部,2017-01-09 00:00:00,触摸屏系统,一期,郭斌亮,,一期款,,2.6676,万科,,,脉策经营收入
吉林省长春市,,,零售和其他,吉林金谷城市规划咨询有限公司,长春,旅游事业部,2017-01-05 00:00:00,吉林省及长春市十三五规划数据评估大屏与软件服务,零期,李伟平,4.1941,,,,,,,脉策经营收入
吉林省长春市,,,零售和其他,吉林金谷城市规划咨询有限公司,长春,旅游事业部,2017-01-06 00:00:00,吉林省及长春市十三五规划数据评估大屏与软件服务,一期,李伟平,,一期款,4.1941,,,,,脉策经营收入
吉林省长春市,,,零售和其他,吉林金谷城市规划咨询有限公司,长春,旅游事业部,2017-01-09 00:00:00,吉林省及长春市十三五规划数据评估大屏与软件服务,一期,李伟平,,一期款,,4.1941,,,,脉策经营收入
北京市东直门外大街39号京投快轨大厦608,,,零售和其他,北京腾云天下科技有限公司,北京,地产事业部,2017-01-06 00:00:00,龙湖项目第一笔,零期,汤舸,28,,,,龙湖,,,脉策经营收入
北京市东直门外大街39号京投快轨大厦608,,,零售和其他,北京腾云天下科技有限公司,北京,地产事业部,2017-01-07 00:00:00,龙湖项目第一笔,一期,汤舸,,一期款,14,,龙湖,,,脉策经营收入
北京市东直门外大街39号京投快轨大厦608,,,零售和其他,北京腾云天下科技有限公司,北京,地产事业部,2017-01-13 00:00:00,龙湖项目第一笔,一期,汤舸,,一期款,,14,龙湖,,,脉策经营收入
北京市东直门外大街39号京投快轨大厦608,,,零售和其他,北京腾云天下科技有限公司,北京,地产事业部,2018-01-25 00:00:00,龙湖项目第二笔,二期,汤舸,,二期款,14,,龙湖,,,脉策经营收入
北京市东直门外大街39号京投快轨大厦608,,,零售和其他,北京腾云天下科技有限公司,北京,地产事业部,2018-02-02 00:00:00,龙湖项目第二笔,二期,汤舸,,二期款,,14,龙湖,,,脉策经营收入
苏州市苏州工业园区东华林街118号,,,零售和其他,苏州运诺帷交通规划咨询有限公司,苏州,后台,2017-01-12 00:00:00,线下数据采集与加工产品及服务,零期,郭斌亮,0.4397,,,,,,,脉策经营收入
苏州市苏州工业园区东华林街118号,,,零售和其他,苏州运诺帷交通规划咨询有限公司,苏州,后台,2017-01-16 00:00:00,线下数据采集与加工产品及服务,一期,郭斌亮,,一期款,0.4397,,,,,脉策经营收入
苏州市苏州工业园区东华林街118号,,,零售和其他,苏州运诺帷交通规划咨询有限公司,苏州,后台,2017-01-18 00:00:00,线下数据采集与加工产品及服务,一期,郭斌亮,,一期款,,0.4397,,,,脉策经营收入
北京市东直门外大街39号京投快轨大厦608,,,地产,北京腾云天下科技有限公司,北京,地产事业部,2017-01-13 00:00:00,金地,零期,汤舸,40,,,,金地,20,20,脉策经营收入
北京市东直门外大街39号京投快轨大厦608,,,地产,北京腾云天下科技有限公司,北京,地产事业部,2017-01-13 00:00:00,金地,一期,汤舸,,一期款,40,,金地,,,脉策经营收入
北京市东直门外大街39号京投快轨大厦608,,,地产,北京腾云天下科技有限公司,北京,地产事业部,2017-01-13 00:00:00,金地,一期,汤舸,,一期款,,20,金地,,,脉策经营收入
上海市闵行区七莘路3333号,,,地产,上海万科房地产有限公司 ,上海,地产事业部,2017-02-14 00:00:00,长租公寓,零期,郭斌亮,10,,,,万科,,,脉策经营收入
上海市闵行区七莘路3333号,,,地产,上海万科房地产有限公司 ,上海,地产事业部,2017-04-05 00:00:00,长租公寓,一期,郭斌亮,,一期款,10,,万科,,,脉策经营收入
上海市闵行区七莘路3333号,,,地产,上海万科房地产有限公司 ,上海,地产事业部,2017-06-13 00:00:00,长租公寓,一期,郭斌亮,,一期款,,10,万科,,,脉策经营收入
北京市东直门外大街39号京投快轨大厦608,,,零售和其他,北京腾云天下科技有限公司,北京,后台,2017-02-14 00:00:00,服务费用,零期,汤舸,21,,,,,,,脉策经营收入
北京市东直门外大街39号京投快轨大厦608,,,零售和其他,北京腾云天下科技有限公司,北京,后台,2017-03-08 00:00:00,服务费用,一期,汤舸,,一期款,21,,,,,脉策经营收入
北京市东直门外大街39号京投快轨大厦608,,,零售和其他,北京腾云天下科技有限公司,北京,后台,2017-03-13 00:00:00,服务费用,一期,汤舸,,一期款,,21,,,,脉策经营收入
中国（上海）自由贸易试验区张江路727号208A,,,地产,上海万科投资管理有限公司,上海,地产事业部,2016-09-09 00:00:00,数据应用平台开发,零期,郭斌亮,20,,,,万科,,,脉策经营收入
中国（上海）自由贸易试验区张江路727号208A,,,地产,上海万科投资管理有限公司,上海,地产事业部,2017-02-28 00:00:00,数据应用平台开发,一期,郭斌亮,,一期款,10,,万科,,,脉策经营收入
中国（上海）自由贸易试验区张江路727号208A,,,地产,上海万科投资管理有限公司,上海,地产事业部,2017-03-25 00:00:00,数据应用平台开发,一期,郭斌亮,,一期款,,10,万科,,,脉策经营收入
中国（上海）自由贸易试验区张江路727号208A,,,地产,上海万科投资管理有限公司,上海,地产事业部,2017-04-25 00:00:00,数据应用平台开发,二期,郭斌亮,,二期款,10,,万科,,,脉策经营收入
中国（上海）自由贸易试验区张江路727号208A,,,地产,上海万科投资管理有限公司,上海,地产事业部,2017-05-12 00:00:00,数据应用平台开发,二期,郭斌亮,,二期款,,10,万科,,,脉策经营收入
深圳市福田区福强路金地商业大楼,,,地产,金地集团,深圳,数字化运营事业部,2017-03-14 00:00:00,大数据应用平台产品的定制咨询与开发,零期,陈焱,25,,,,金地,,,脉策经营收入
深圳市福田区福强路金地商业大楼,,,地产,金地集团,深圳,数字化运营事业部,2017-03-10 00:00:00,大数据应用平台产品的定制咨询与开发,一期,陈焱,,一期款,10,,金地,,,脉策经营收入
深圳市福田区福强路金地商业大楼,,,地产,金地集团,深圳,数字化运营事业部,2017-04-12 00:00:00,大数据应用平台产品的定制咨询与开发,一期,陈焱,,一期款,,10,金地,,,脉策经营收入
深圳市福田区福强路金地商业大楼,,,地产,金地集团,深圳,数字化运营事业部,2017-05-10 00:00:00,大数据应用平台产品的定制咨询与开发,二期,陈焱,,二期款,15,,金地,,,脉策经营收入
深圳市福田区福强路金地商业大楼,,,地产,金地集团,深圳,数字化运营事业部,2017-06-18 00:00:00,大数据应用平台产品的定制咨询与开发,一期,陈焱,,二期款,,15,金地,,,脉策经营收入
贵阳市高新区都匀路茅台商务中心B座5楼,,,培训,北京清华同衡规划设计研究院有限公司贵州分公司,深圳,培训事业部,2017-03-15 00:00:00,数据咨询服务合同,零期,黄积小,4.98,,,,,,,脉策经营收入
贵阳市高新区都匀路茅台商务中心B座5楼,,,培训,北京清华同衡规划设计研究院有限公司贵州分公司,贵阳,培训事业部,2017-03-25 00:00:00,数据咨询服务合同,一期,黄积小,,一期款,4.98,,,,,脉策经营收入
贵阳市高新区都匀路茅台商务中心B座5楼,,,培训,北京清华同衡规划设计研究院有限公司贵州分公司,贵阳,培训事业部,2017-04-12 00:00:00,数据咨询服务合同,一期,黄积小,,一期款,,4.98,,,,脉策经营收入
上海市大木桥路1号工商大厦,,,城市,上海市发展改革研究院,上海,城市事业部,2017-04-24 00:00:00,数据咨询服务合同,零期,高怡俊,1,,,,,,,脉策经营收入
上海市大木桥路1号工商大厦,,,城市,上海市发展改革研究院,上海,城市事业部,2017-06-10 00:00:00,数据咨询服务合同,一期,高怡俊,,一期款,1,,,,,脉策经营收入
上海市大木桥路1号工商大厦,,,城市,上海市发展改革研究院,上海,城市事业部,2017-06-22 00:00:00,数据咨询服务合同,一期,高怡俊,,一期款,,1,,,,脉策经营收入
深圳市深南大道7006号万科富春东方大厦26～28层,,,城市,中国城市规划设计研究院深圳分院,深圳,城市事业部,2017-04-02 00:00:00,数据咨询服务合同,零期,高怡俊,35,,,,,,14,脉策经营收入
深圳市深南大道7006号万科富春东方大厦26～28层,,,城市,中国城市规划设计研究院深圳分院,深圳,城市事业部,2017-04-15 00:00:00,数据咨询服务合同,一期,高怡俊,,一期款,10.5,,,,,脉策经营收入
深圳市深南大道7006号万科富春东方大厦26～28层,,,城市,中国城市规划设计研究院深圳分院,深圳,城市事业部,2017-05-22 00:00:00,数据咨询服务合同,一期,高怡俊,,一期款,,10.5,,,,脉策经营收入
深圳市深南大道7006号万科富春东方大厦26～28层,,,城市,中国城市规划设计研究院深圳分院,深圳,城市事业部,2017-09-20 00:00:00,数据咨询服务合同,二期,高怡俊,,二期款,10.5,,,,,脉策经营收入
深圳市深南大道7006号万科富春东方大厦26～28层,,,城市,中国城市规划设计研究院深圳分院,深圳,城市事业部,2017-10-18 00:00:00,数据咨询服务合同,二期,高怡俊,,二期款,,10.5,,,,脉策经营收入
上海市嘉定区金沙江西路1555弄388号一层1,,,地产,上海恒逸房地产有限公司（上海龙湖地产）,上海,地产事业部,2017-05-02 00:00:00,DataMap,零期,郭斌亮,40,,,,龙湖,20,20,脉策经营收入
上海市嘉定区金沙江西路1555弄388号一层1,,,地产,上海恒逸房地产有限公司（上海龙湖地产）,上海,地产事业部,2017-08-22 00:00:00,DataMap,一期,郭斌亮,,一期款,10,,龙湖,,,脉策经营收入
上海市嘉定区金沙江西路1555弄388号一层1,,,地产,上海恒逸房地产有限公司（上海龙湖地产）,上海,地产事业部,2017-09-22 00:00:00,DataMap,一期,郭斌亮,,一期款,,10,龙湖,,,脉策经营收入
上海市嘉定区金沙江西路1555弄388号一层1,,,地产,上海恒逸房地产有限公司（上海龙湖地产）,上海,地产事业部,2018-04-02 00:00:00,DataMap,二期,郭斌亮,,二期款,10,,龙湖,,,脉策经营收入
上海市嘉定区金沙江西路1555弄388号一层1,,,地产,上海恒逸房地产有限公司（上海龙湖地产）,上海,地产事业部,2018-04-24 00:00:00,DataMap,二期,郭斌亮,,二期款,,10,龙湖,,,脉策经营收入
上海市嘉定区金沙江西路1555弄388号一层1,,,地产,上海恒逸房地产有限公司（上海龙湖地产）,上海,地产事业部,2018-05-02 00:00:00,DataMap,三期,郭斌亮,,三期款,20,,龙湖,,,脉策经营收入
杭州市西湖区留和路58号2幢七层707室,,,地产,杭州蓝保物业管理有限公司（龙湖地产）,杭州,地产事业部,2017-05-05 00:00:00,杭州租金监测系统,零期,王道强,15,,,,龙湖,,,脉策经营收入
杭州市西湖区留和路58号2幢七层707室,,,地产,杭州蓝保物业管理有限公司（龙湖地产）,杭州,地产事业部,2017-06-10 00:00:00,杭州租金监测系统,一期,王道强,,一期款,7.5,,龙湖,,,脉策经营收入
杭州市西湖区留和路58号2幢七层707室,,,地产,杭州蓝保物业管理有限公司（龙湖地产）,杭州,地产事业部,2017-07-13 00:00:00,杭州租金监测系统,一期,王道强,,一期款,,7.5,龙湖,,,脉策经营收入
杭州市西湖区留和路58号2幢七层707室,,,地产,杭州蓝保物业管理有限公司（龙湖地产）,杭州,地产事业部,2017-11-09 00:00:00,杭州租金监测系统,二期,王道强,,二期款,7.5,,龙湖,,,脉策经营收入
杭州市西湖区留和路58号2幢七层707室,,,地产,杭州蓝保物业管理有限公司（龙湖地产）,杭州,地产事业部,2017-11-30 00:00:00,杭州租金监测系统,二期,王道强,,二期款,,7.5,龙湖,,,脉策经营收入
上海市浦东新区世纪大道2001号上海市浦东新区办公中心3号楼,,,城市,浦东新区发展和改革委员会,上海,城市事业部,2017-05-08 00:00:00,数据咨询服务合同,零期,刘谷一,18,,,,,,,脉策经营收入
上海市浦东新区世纪大道2001号上海市浦东新区办公中心3号楼,,,城市,浦东新区发展和改革委员会,上海,城市事业部,2017-07-01 00:00:00,数据咨询服务合同,一期,刘谷一,,一期款,7.2,,,,,脉策经营收入
上海市浦东新区世纪大道2001号上海市浦东新区办公中心3号楼,,,城市,浦东新区发展和改革委员会,上海,城市事业部,2017-07-17 00:00:00,数据咨询服务合同,一期,刘谷一,,一期款,,7.2,,,,脉策经营收入
上海市浦东新区世纪大道2001号上海市浦东新区办公中心3号楼,,,城市,浦东新区发展和改革委员会,上海,城市事业部,2017-09-04 00:00:00,数据咨询服务合同,二期,刘谷一,,二期款,10.8,,,,,脉策经营收入
上海市浦东新区世纪大道2001号上海市浦东新区办公中心3号楼,,,城市,浦东新区发展和改革委员会,上海,城市事业部,2017-09-22 00:00:00,数据咨询服务合同,二期,刘谷一,,二期款,,10.8,,,,脉策经营收入
北京市东直门外大街39号京投快轨大厦608,,,零售和其他,北京腾云天下科技有限公司,北京,后台,2017-05-25 00:00:00,服务费用,零期,汤舸,20,,,,,,,脉策经营收入
北京市东直门外大街39号京投快轨大厦608,,,零售和其他,北京腾云天下科技有限公司,北京,后台,2017-05-23 00:00:00,服务费用,一期,汤舸,,一期款,20,,,,,脉策经营收入
北京市东直门外大街39号京投快轨大厦608,,,零售和其他,北京腾云天下科技有限公司,北京,后台,2017-05-31 00:00:00,服务费用,一期,汤舸,,一期款,,20,,,,脉策经营收入
北京市海淀区北四环西路9号2104,,,零售和其他,北京源智天下科技有限公司,北京,数据科学团队,2017-05-25 00:00:00,版权服务费,零期,王咏笑,0.69,,,,,,,脉策经营收入
北京市海淀区北四环西路9号2104,,,零售和其他,北京源智天下科技有限公司,北京,数据科学团队,2017-05-28 00:00:00,版权服务费,一期,王咏笑,,一期款,0.69,,,,,脉策经营收入
北京市海淀区北四环西路9号2104,,,零售和其他,北京源智天下科技有限公司,北京,数据科学团队,2017-05-31 00:00:00,版权服务费,一期,王咏笑,,一期款,,0.69,,,,脉策经营收入
上海市西藏南路688弄1号,,,地产,上海老西门新苑置业有限公司（中海地产）,上海,地产事业部,2017-05-31 00:00:00,DataMap,零期,郭斌亮,30,,,,中海,3,3,脉策经营收入
上海市西藏南路688弄1号,,,地产,上海老西门新苑置业有限公司（中海地产）,上海,地产事业部,2017-11-16 00:00:00,DataMap,一期,郭斌亮,,一期款,27,,中海,,,脉策经营收入
上海市西藏南路688弄1号,,,地产,上海老西门新苑置业有限公司（中海地产）,上海,地产事业部,2018-01-09 00:00:00,DataMap,一期,郭斌亮,,一期款,,27,中海,,,脉策经营收入
上海市西藏南路688弄1号,,,地产,上海老西门新苑置业有限公司（中海地产）,上海,地产事业部,2018-06-01 00:00:00,DataMap,二期,郭斌亮,,二期款,3,,中海,,,脉策经营收入
中国（上海）自由贸易试验区张东路1387号1,,,城市,上海张江（集团）有限公司,上海,城市事业部,2017-04-27 00:00:00,数据咨询服务合同,零期,高怡俊,48,,,,,,,脉策经营收入
中国（上海）自由贸易试验区张东路1387号1,,,城市,上海张江（集团）有限公司,上海,城市事业部,2017-05-01 00:00:00,数据咨询服务合同,一期,高怡俊,,一期款,14.4,,,,,脉策经营收入
中国（上海）自由贸易试验区张东路1387号1,,,城市,上海张江（集团）有限公司,上海,城市事业部,2017-06-22 00:00:00,数据咨询服务合同,一期,高怡俊,,一期款,,14.4,,,,脉策经营收入
中国（上海）自由贸易试验区张东路1387号1,,,城市,上海张江（集团）有限公司,上海,城市事业部,2017-06-20 00:00:00,数据咨询服务合同,二期,高怡俊,,二期款,19.2,,,,,脉策经营收入
中国（上海）自由贸易试验区张东路1387号1,,,城市,上海张江（集团）有限公司,上海,城市事业部,2017-07-20 00:00:00,数据咨询服务合同,二期,高怡俊,,二期款,,19.2,,,,脉策经营收入
中国（上海）自由贸易试验区张东路1387号1,,,城市,上海张江（集团）有限公司,上海,城市事业部,2017-10-26 00:00:00,数据咨询服务合同,三期,高怡俊,,三期款,14.4,,,,,脉策经营收入
中国（上海）自由贸易试验区张东路1387号1,,,城市,上海张江（集团）有限公司,上海,城市事业部,2017-11-29 00:00:00,数据咨询服务合同,三期,高怡俊,,三期款,,14.4,,,,脉策经营收入
武汉市京汉大道1250号,,,培训,武汉市土地利用和城市空间规划研究中心,武汉,培训事业部,2017-05-09 00:00:00,数据培训服务合同,零期,黄积小,6.8,,,,,,,脉策经营收入
武汉市京汉大道1250号,,,培训,武汉市土地利用和城市空间规划研究中心,武汉,培训事业部,2017-05-30 00:00:00,数据培训服务合同,一期,黄积小,,一期款,6.8,,,,,脉策经营收入
武汉市京汉大道1250号,,,培训,武汉市土地利用和城市空间规划研究中心,武汉,培训事业部,2017-06-12 00:00:00,数据培训服务合同,一期,黄积小,,一期款,,6.8,,,,脉策经营收入
上海市延安东路1200号电信世界12-14层,,,城市,上海投资咨询公司,上海,城市事业部,2017-05-15 00:00:00,数据咨询服务合同,零期,高怡俊,14.3,,,,,,,脉策经营收入
上海市延安东路1200号电信世界12-14层,,,城市,上海投资咨询公司,上海,城市事业部,2017-06-26 00:00:00,数据咨询服务合同,一期,高怡俊,,一期款,3.1,,,,,脉策经营收入
上海市延安东路1200号电信世界12-14层,,,城市,上海投资咨询公司,上海,城市事业部,2017-07-21 00:00:00,数据咨询服务合同,一期,高怡俊,,一期款,,3.1,,,,脉策经营收入
上海市延安东路1200号电信世界12-14层,,,城市,上海投资咨询公司,上海,城市事业部,2017-09-12 00:00:00,数据咨询服务合同,二期,高怡俊,,二期款,6.2,,,,,脉策经营收入
上海市延安东路1200号电信世界12-14层,,,城市,上海投资咨询公司,上海,城市事业部,2017-09-25 00:00:00,数据咨询服务合同,二期,高怡俊,,二期款,,6.2,,,,脉策经营收入
上海市延安东路1200号电信世界12-14层,,,城市,上海投资咨询公司,上海,城市事业部,2017-09-20 00:00:00,数据咨询服务合同,三期,高怡俊,,三期款,5,,,,,脉策经营收入
上海市延安东路1200号电信世界12-14层,,,城市,上海投资咨询公司,上海,城市事业部,2017-10-20 00:00:00,数据咨询服务合同,三期,高怡俊,,三期款,,5,,,,脉策经营收入
深圳市福田区金田路皇岗商务中心1号楼6501,,,地产,卓越置业集团有限公司,深圳,地产事业部,2017-06-02 00:00:00,大数据应用平台开发定制,零期,王可青,120,,,,卓越,,60,脉策经营收入
深圳市福田区金田路皇岗商务中心1号楼6501,,,地产,卓越置业集团有限公司,深圳,地产事业部,2017-06-13 00:00:00,大数据应用平台开发定制,一期,王可青,,一期款,30,,卓越,,,脉策经营收入
深圳市福田区金田路皇岗商务中心1号楼6501,,,地产,卓越置业集团有限公司,深圳,地产事业部,2017-06-22 00:00:00,大数据应用平台开发定制,一期,王可青,,一期款,,30,卓越,,,脉策经营收入
深圳市福田区金田路皇岗商务中心1号楼6501,,,地产,卓越置业集团有限公司,深圳,地产事业部,2017-12-21 00:00:00,大数据应用平台开发定制,二期,王可青,,二期款,30,,卓越,,,脉策经营收入
深圳市福田区金田路皇岗商务中心1号楼6501,,,地产,卓越置业集团有限公司,深圳,地产事业部,2018-01-08 00:00:00,大数据应用平台开发定制,二期,王可青,,二期款,,30,卓越,,,脉策经营收入
珠海市 横琴新区 南山嘴路156号第12层写字楼之143号,,,地产,珠海市华兴软件信息服务有限公司-碧桂园大数据平台,珠海,地产事业部,2017-06-05 00:00:00,大数据应用平台开发定制,零期,王可青,35,,,,碧桂园,,5,脉策经营收入
珠海市 横琴新区 南山嘴路156号第12层写字楼之143号,,,地产,珠海市华兴软件信息服务有限公司-碧桂园大数据平台,珠海,地产事业部,2017-07-15 00:00:00,大数据应用平台开发定制,一期,王可青,,一期款,15,,碧桂园,,,脉策经营收入
珠海市 横琴新区 南山嘴路156号第12层写字楼之143号,,,地产,珠海市华兴软件信息服务有限公司-碧桂园大数据平台,珠海,地产事业部,2017-08-02 00:00:00,大数据应用平台开发定制,一期,王可青,,一期款,,15,碧桂园,,,脉策经营收入
珠海市 横琴新区 南山嘴路156号第12层写字楼之143号,,,地产,珠海市华兴软件信息服务有限公司-碧桂园大数据平台,珠海,地产事业部,2018-02-02 00:00:00,大数据应用平台开发定制,二期,王可青,,二期款,15,,碧桂园,,,脉策经营收入
珠海市 横琴新区 南山嘴路156号第12层写字楼之143号,,,地产,珠海市华兴软件信息服务有限公司-碧桂园大数据平台,珠海,地产事业部,2018-03-13 00:00:00,大数据应用平台开发定制,二期,王可青,,二期款,,15,碧桂园,,,脉策经营收入
苏州工业园区翠薇街9号月亮湾国际商务中心1幢12楼,,,地产,中海海通（苏州）房地产有限公司,苏州,地产事业部,2017-06-30 00:00:00,DataMap,零期,王道强,10,,,,中海,,,脉策经营收入
苏州工业园区翠薇街9号月亮湾国际商务中心1幢12楼,,,地产,中海海通（苏州）房地产有限公司,苏州,地产事业部,2017-07-01 00:00:00,DataMap,一期,王道强,,一期款,5,,中海,,,脉策经营收入
苏州工业园区翠薇街9号月亮湾国际商务中心1幢12楼,,,地产,中海海通（苏州）房地产有限公司,苏州,地产事业部,2017-07-05 00:00:00,DataMap,一期,王道强,,一期款,,5,中海,,,脉策经营收入
苏州工业园区翠薇街9号月亮湾国际商务中心1幢12楼,,,地产,中海海通（苏州）房地产有限公司,苏州,地产事业部,2017-11-17 00:00:00,DataMap,二期款,王道强,,二期款,5,,中海,,,脉策经营收入
苏州工业园区翠薇街9号月亮湾国际商务中心1幢12楼,,,地产,中海海通（苏州）房地产有限公司,苏州,地产事业部,2017-12-08 00:00:00,DataMap,二期款,王道强,,二期款,,5,中海,,,脉策经营收入
无锡市高浪东路999号（软件研发大厦）,,,地产,无锡中海海润置业有限公司,无锡,地产事业部,2017-06-30 00:00:00,DataMap,零期,王道强,10,,,,中海,,,脉策经营收入
无锡市高浪东路1000号（软件研发大厦）,,,地产,无锡中海海润置业有限公司,无锡,地产事业部,2017-07-01 00:00:00,DataMap,一期,王道强,,一期款,5,,中海,,,脉策经营收入
无锡市高浪东路1001号（软件研发大厦）,,,地产,无锡中海海润置业有限公司,无锡,地产事业部,2017-07-05 00:00:00,DataMap,一期,王道强,,一期款,,5,中海,,,脉策经营收入
无锡市高浪东路1002号（软件研发大厦）,,,地产,无锡中海海润置业有限公司,无锡,地产事业部,2017-11-17 00:00:00,DataMap,二期款,王道强,,二期款,5,,中海,,,脉策经营收入
无锡市高浪东路1002号（软件研发大厦）,,,地产,无锡中海海润置业有限公司,无锡,地产事业部,2017-12-15 00:00:00,DataMap,二期款,王道强,,二期款,,5,中海,,,脉策经营收入
深圳市福田区福强路金地商业大楼,,,地产,金地集团,深圳,数字化运营事业部,2017-07-18 00:00:00,DataMap,零期,陈焱,85,,,,金地,,,脉策经营收入
深圳市福田区福强路金地商业大楼,,,地产,金地集团,深圳,数字化运营事业部,2017-08-04 00:00:00,DataMap,一期,陈焱,,一期款,45,,金地,,,脉策经营收入
深圳市福田区福强路金地商业大楼,,,地产,金地集团,深圳,数字化运营事业部,2017-07-18 00:00:002017-11-13 00:00:00,DataMap,一期,陈焱,,一期款,,30,金地,,,脉策经营收入
深圳市福田区福强路金地商业大楼,,,地产,金地集团,深圳,数字化运营事业部,2017-10-20 00:00:00,DataMap,二期,陈焱,,,40,,金地,,,脉策经营收入
深圳市福田区福强路金地商业大楼,,,地产,金地集团,深圳,数字化运营事业部,2017-12-06 00:00:00,DataMap,二期,陈焱,,二期款,,48,金地,,,脉策经营收入
深圳市福田区福强路金地商业大楼,,,地产,金地集团,深圳,数字化运营事业部,2018-01-11 00:00:00,DataMap,三期,陈焱,,三期款,,7,金地,,,脉策经营收入
北京市东直门外大街39号京投快轨大厦608,,,零售和其他,北京腾云天下科技有限公司,北京,后台,2017-07-14 00:00:00,服务费用,零期,汤舸,30,,,,,,,脉策经营收入
北京市东直门外大街39号京投快轨大厦608,,,零售和其他,北京腾云天下科技有限公司,北京,后台,2017-07-25 00:00:00,服务费用,一期,汤舸,,一期款,30,,,,,脉策经营收入
北京市东直门外大街39号京投快轨大厦608,,,零售和其他,北京腾云天下科技有限公司,北京,后台,2017-08-07 00:00:00,服务费用,一期,汤舸,,一期款,,30,,,,脉策经营收入
上海市龙阳路永达大厦,,,零售和其他,上海数卜信息科技有限公司,上海,数据科学团队,2017-07-14 00:00:00,服务费用,零期,孙怀杰,18,,,,,,,脉策经营收入
上海市龙阳路永达大厦,,,零售和其他,上海数卜信息科技有限公司,上海,数据科学团队,2017-08-01 00:00:00,服务费用,一期,孙怀杰,,一期款,10,,,,,脉策经营收入
上海市龙阳路永达大厦,,,零售和其他,上海数卜信息科技有限公司,上海,数据科学团队,2017-08-31 00:00:00,服务费用,一期,孙怀杰,,一期款,,10,,,,脉策经营收入
上海市龙阳路永达大厦,,,零售和其他,上海数卜信息科技有限公司,上海,数据科学团队,2017-10-01 00:00:00,服务费用,一期,孙怀杰,,一期款,8,,,,,脉策经营收入
上海市龙阳路永达大厦,,,零售和其他,上海数卜信息科技有限公司,上海,数据科学团队,2017-10-31 00:00:00,服务费用,二期,孙怀杰,,二期款,,6,,,,脉策经营收入
上海市龙阳路永达大厦,,,零售和其他,上海数卜信息科技有限公司,上海,数据科学团队,2017-12-22 00:00:00,服务费用,三期,孙怀杰,,三期款,,2,,,,脉策经营收入
南昌市红谷滩丰和中大道1318号,,,地产,南昌中海豪锦地产有限公司,南昌,地产事业部,2017-07-24 00:00:00,DataMap,零期,王道强,10,,,,中海,,5,脉策经营收入
南昌市红谷滩丰和中大道1318号,,,地产,南昌中海豪锦地产有限公司,南昌,地产事业部,2017-09-08 00:00:00,DataMap,一期,王道强,,一期款,5,,中海,,,脉策经营收入
南昌市红谷滩丰和中大道1318号,,,地产,南昌中海豪锦地产有限公司,南昌,地产事业部,2017-10-15 00:00:00,DataMap,一期,王道强,,一期款,,5,中海,,,脉策经营收入
上海市华山路1076号,,,培训,上海信息化培训中心,上海,培训事业部,2017-08-02 00:00:00,数据培训服务合同,零期,黄积小,2,,,,,,,脉策经营收入
上海市华山路1076号,,,培训,上海信息化培训中心,上海,培训事业部,2017-08-20 00:00:00,数据培训服务合同,一期,黄积小,,一期款,2,,,,,脉策经营收入
上海市华山路1076号,,,培训,上海信息化培训中心,上海,培训事业部,2017-09-05 00:00:00,数据培训服务合同,一期,黄积小,,一期款,,2,,,,脉策经营收入
上海市静安区石门二路231号2层,,,培训,恒天然商贸（上海）有限公司,上海,培训事业部,2017-08-15 00:00:00,数据培训服务合同,零期,黄积小,3,,,,,,,脉策经营收入
上海市静安区石门二路231号2层,,,培训,恒天然商贸（上海）有限公司,上海,培训事业部,2017-08-22 00:00:00,数据培训服务合同,一期,黄积小,,一期款,3,,,,,脉策经营收入
上海市静安区石门二路231号2层,,,培训,恒天然商贸（上海）有限公司,上海,培训事业部,2017-10-10 00:00:00,数据培训服务合同,一期,黄积小,,一期款,,3,,,,脉策经营收入
上海市闵行区虹井路185号10幢9楼910室,,,零售和其他,上海元真文化传媒有限公司,上海,旅游事业部,2017-08-21 00:00:00,城市地图,零期,李庆华,50,,,,,,5,脉策经营收入
上海市闵行区虹井路185号10幢9楼910室,,,零售和其他,上海元真文化传媒有限公司,上海,旅游事业部,2017-09-01 00:00:00,城市地图,一期,李庆华,,一期款,15,,,,,脉策经营收入
上海市闵行区虹井路185号10幢9楼910室,,,零售和其他,上海元真文化传媒有限公司,上海,旅游事业部,2017-09-13 00:00:00,城市地图,一期,李庆华,,一期款,,15,,,,脉策经营收入
上海市闵行区虹井路185号10幢9楼910室,,,零售和其他,上海元真文化传媒有限公司,上海,旅游事业部,2017-10-28 00:00:00,城市地图,二期,李庆华,,二期款,30,,,,,脉策经营收入
上海市闵行区虹井路185号10幢9楼910室,,,零售和其他,上海元真文化传媒有限公司,上海,旅游事业部,2018-01-10 00:00:00,城市地图,二期,李庆华,,二期款,,30,,,,脉策经营收入
深圳市福田区市民中心荣超商务中心B座31楼,,,地产,深圳市前海世茂投资管理有限公司,深圳,旅游事业部,2017-08-22 00:00:00,DataMap,零期,张杰,20,,,,世茂,,2,脉策经营收入
深圳市福田区市民中心荣超商务中心B座31楼,,,地产,深圳市前海世茂投资管理有限公司,深圳,旅游事业部,2017-08-23 00:00:00,DataMap,一期,张杰,,一期款,6,,世茂,,,脉策经营收入
深圳市福田区市民中心荣超商务中心B座31楼,,,地产,深圳市前海世茂投资管理有限公司,深圳,旅游事业部,2017-11-10 00:00:00,DataMap,一期,张杰,,一期款,,6,世茂,,,脉策经营收入
深圳市福田区市民中心荣超商务中心B座31楼,,,地产,深圳市前海世茂投资管理有限公司,深圳,旅游事业部,2017-11-13 00:00:00,DataMap,二期,张杰,,二期款,12,,世茂,,,脉策经营收入
深圳市福田区市民中心荣超商务中心B座31楼,,,地产,深圳市前海世茂投资管理有限公司,深圳,旅游事业部,2017-12-22 00:00:00,DataMap,二期,张杰,,二期款,,12,世茂,,,脉策经营收入
北京市东直门外大街39号京投快轨大厦608,,,地产,北京腾云天下科技有限公司,北京,地产事业部,2017-08-23 00:00:00,蓝光项目,零期,汤舸,20,,,,蓝光,,,脉策经营收入
北京市东直门外大街39号京投快轨大厦608,,,地产,北京腾云天下科技有限公司,北京,地产事业部,2017-08-24 00:00:00,蓝光项目,一期,汤舸,,一期款,20,,蓝光,,,脉策经营收入
北京市东直门外大街39号京投快轨大厦608,,,地产,北京腾云天下科技有限公司,北京,地产事业部,2017-09-28 00:00:00,蓝光项目,一期,汤舸,,一期款,,20,蓝光,,,脉策经营收入
中国 浙江 杭州市 良渚文化村阳光天际项目部,,,地产,浙江南都置业有限公司-杭州万科,杭州,地产事业部,2017-08-23 00:00:00,DataMap,零期,王道强,30,,,,万科,15,15,脉策经营收入
中国 浙江 杭州市 良渚文化村阳光天际项目部,,,地产,浙江南都置业有限公司-杭州万科,杭州,地产事业部,2017-08-24 00:00:00,DataMap,一期,王道强,,一期款,15,,万科,,,脉策经营收入
中国 浙江 杭州市 良渚文化村阳光天际项目部,,,地产,浙江南都置业有限公司-杭州万科,杭州,地产事业部,2017-10-20 00:00:00,DataMap,一期,王道强,,一期款,,15,万科,,,脉策经营收入
中国 浙江 杭州市 良渚文化村阳光天际项目部,,,地产,浙江南都置业有限公司-杭州万科,杭州,地产事业部,2018-05-24 00:00:00,DataMap,二期,王道强,,二期款,15,,万科,,,脉策经营收入
南京市玄武区墨香路30号,,,地产,南京海高房地产开发有限公司-南京中海,南京,地产事业部,2017-09-06 00:00:00,DataMap,零期,王道强,40,,,,中海,,4,脉策经营收入
南京市玄武区墨香路30号,,,地产,南京海高房地产开发有限公司-南京中海,南京,地产事业部,2017-09-26 00:00:00,DataMap,一期,王道强,,一期款,12,,中海,,,脉策经营收入
南京市玄武区墨香路30号,,,地产,南京海高房地产开发有限公司-南京中海,南京,地产事业部,2017-11-09 00:00:00,DataMap,一期,王道强,,一期款,,12,中海,,,脉策经营收入
南京市玄武区墨香路30号,,,地产,南京海高房地产开发有限公司-南京中海,南京,地产事业部,2017-12-12 00:00:00,DataMap,二期,王道强,,二期款,24,,中海,,,脉策经营收入
南京市玄武区墨香路30号,,,地产,南京海高房地产开发有限公司-南京中海,南京,地产事业部,2018-04-20 00:00:00,DataMap,二期,王道强,,二期款,,24,中海,,,脉策经营收入
北京市海淀区中关村南大街5号1801室,,,零售和其他,智尚博通（天津）科技发展有限公司,北京,城市事业部,2017-09-11 00:00:00,数据咨询服务合同,零期,高怡俊,10,,,,,,,脉策经营收入
北京市海淀区中关村南大街5号1801室,,,零售和其他,智尚博通（天津）科技发展有限公司,北京,城市事业部,2017-09-11 00:00:00,数据咨询服务合同,一期,高怡俊,,一期款,6,,,,,脉策经营收入
北京市海淀区中关村南大街5号1801室,,,零售和其他,智尚博通（天津）科技发展有限公司,北京,城市事业部,2017-10-12 00:00:00,数据咨询服务合同,一期,高怡俊,,一期款,,6,,,,脉策经营收入
北京市海淀区中关村南大街5号1801室,,,零售和其他,智尚博通（天津）科技发展有限公司,北京,城市事业部,2018-02-27 00:00:00,数据咨询服务合同,二期,高怡俊,,二期款,4,,,,,脉策经营收入
北京市海淀区中关村南大街5号1801室,,,零售和其他,智尚博通（天津）科技发展有限公司,北京,城市事业部,2018-03-02 00:00:00,数据咨询服务合同,二期,高怡俊,,二期款,,4,,,,脉策经营收入
上海市闵行区银都路3700号,,,城市,上海市公安局闵行分局,上海,城市事业部,2017-05-12 00:00:00,数据咨询服务合同,零期,高怡俊,2.8,,,,,,,脉策经营收入
上海市闵行区银都路3700号,,,城市,上海市公安局闵行分局,上海,城市事业部,2017-05-25 00:00:00,数据咨询服务合同,一期,高怡俊,,一期款,2.8,,,,,脉策经营收入
上海市闵行区银都路3700号,,,城市,上海市公安局闵行分局,上海,城市事业部,2017-09-02 00:00:00,数据咨询服务合同,一期,高怡俊,,一期款,,2.8,,,,脉策经营收入
徐州市鼓楼区九里山西路1号,,,城市,徐州万汇置业有限公司,徐州,城市事业部,2017-09-12 00:00:00,数据咨询服务合同,零期,刘培锐,28,,,,万科,,2,脉策经营收入
徐州市鼓楼区九里山西路1号,,,城市,徐州万汇置业有限公司,徐州,城市事业部,2017-09-12 00:00:00,数据咨询服务合同,一期款,刘培锐,,一期款,14,,万科,,,脉策经营收入
徐州市鼓楼区九里山西路1号,,,城市,徐州万汇置业有限公司,徐州,城市事业部,2017-09-28 00:00:00,数据咨询服务合同,一期,刘培锐,,一期款,,14,万科,,,脉策经营收入
徐州市鼓楼区九里山西路1号,,,城市,徐州万汇置业有限公司,徐州,城市事业部,2017-12-12 00:00:00,数据咨询服务合同,二期,刘培锐,,二期款,12,,万科,,,脉策经营收入
徐州市鼓楼区九里山西路1号,,,城市,徐州万汇置业有限公司,徐州,城市事业部,2018-01-11 00:00:00,数据咨询服务合同,二期,刘培锐,,二期款,,12,万科,,,脉策经营收入
天津华苑产业区海泰发展六道6号海泰绿色产业基地G座,,,地产,天津睿霖置业有限公司,天津,地产事业部,2017-09-15 00:00:00,DataMap,零期,王道强,10,,,,龙湖,10,10,脉策经营收入
天津华苑产业区海泰发展六道6号海泰绿色产业基地G座,,,地产,天津睿霖置业有限公司,天津,地产事业部,2018-02-26 00:00:00,DataMap,一期,王道强,,一期款,5,,龙湖,,,脉策经营收入
天津华苑产业区海泰发展六道6号海泰绿色产业基地G座,,,地产,天津睿霖置业有限公司,天津,地产事业部,2018-05-23 00:00:00,DataMap,一期,王道强,,二期款,5,,龙湖,,,脉策经营收入
杭州市富春路188号市民中心E座24-25层,,,旅游,杭州市旅游委员会 杭移动三方协议,杭州,旅游事业部,2017-09-21 00:00:00,杭州市旅游委员会杭州城市游客综合动态监测系统数据挖掘项目,零期,李庆华,67.5,,,,,6.75,6.75,脉策经营收入
杭州市富春路188号市民中心E座24-25层,,,旅游,杭州市旅游委员会 杭移动三方协议,杭州,旅游事业部,2017-12-08 00:00:00,杭州市旅游委员会杭州城市游客综合动态监测系统数据挖掘项目,一期,李庆华,,一期款,67.5,,,,,脉策经营收入
杭州市富春路188号市民中心E座24-25层,,,旅游,杭州市旅游委员会 杭移动三方协议,杭州,旅游事业部,2017-12-18 00:00:00,杭州市旅游委员会杭州城市游客综合动态监测系统数据挖掘项目,一期,李庆华,,一期款,,60.75,,,,脉策经营收入
北京市东直门外大街39号京投快轨大厦608,,,零售和其他,北京腾云天下科技有限公司,北京,后台,2017-09-18 00:00:00,服务费用,零期,汤舸,18,,,,,,,脉策经营收入
北京市东直门外大街39号京投快轨大厦608,,,零售和其他,北京腾云天下科技有限公司,北京,后台,2017-09-20 00:00:00,服务费用,一期,汤舸,,一期款,18,,,,,脉策经营收入
北京市东直门外大街39号京投快轨大厦608,,,零售和其他,北京腾云天下科技有限公司,北京,后台,2017-09-28 00:00:00,服务费用,一期,汤舸,,一期款,,18,,,,脉策经营收入
杭州市富春路188号市民中心E座24-25层,,,旅游,杭州市旅游委员会,杭州,旅游事业部,2017-09-20 00:00:00,小程序开发,零期,李庆华,7.568,,,,,,,脉策经营收入
杭州市富春路188号市民中心E座24-25层,,,旅游,杭州市旅游委员会,杭州,旅游事业部,2017-09-26 00:00:00,小程序开发,一期,李庆华,,一期款,7.568,,,,,脉策经营收入
杭州市富春路188号市民中心E座24-25层,,,旅游,杭州市旅游委员会,杭州,旅游事业部,2017-09-29 00:00:00,小程序开发,一期,李庆华,,一期款,,7.568,,,,脉策经营收入
上海市江浦路549号,,,城市,杨浦区发展和改革委员会,上海,城市事业部,2017-11-01 00:00:00,数据咨询服务合同,零期,刘谷一,18,,,,,,7.2,脉策经营收入
上海市江浦路549号,,,城市,杨浦区发展和改革委员会,上海,城市事业部,2017-11-12 00:00:00,数据咨询服务合同,一期,刘谷一,,一期款,10.8,,,,,脉策经营收入
上海市江浦路549号,,,城市,杨浦区发展和改革委员会,上海,城市事业部,2017-11-28 00:00:00,数据咨询服务合同,一期,刘谷一,,一期款,,10.8,,,,脉策经营收入
武汉市京汉大道1250号,,,城市,武汉市规划研究院,武汉,城市事业部,2017-11-03 00:00:00,武汉市个人移动设备数据采购与基础处理,零期,高怡俊,25,,,,,12.5,12.5,脉策经营收入
武汉市京汉大道1250号,,,城市,武汉市规划研究院,武汉,城市事业部,2017-11-09 00:00:00,武汉市个人移动设备数据采购与基础处理,一期,高怡俊,,一期款,12.5,,,,,脉策经营收入
武汉市京汉大道1250号,,,城市,武汉市规划研究院,武汉,城市事业部,2017-12-04 00:00:00,武汉市个人移动设备数据采购与基础处理,一期,高怡俊,,一期款,,12.5,,,,脉策经营收入
武汉市京汉大道1250号,,,城市,武汉市规划研究院,武汉,城市事业部,2018-04-02 00:00:00,武汉市个人移动设备数据采购与基础处理,二期,高怡俊,,二期款,12.5,,,,,脉策经营收入
武汉市京汉大道1250号,,,城市,武汉市规划研究院,武汉,城市事业部,2017-11-03 00:00:00,武汉市长江两岸城市设计数据平台开发,零期,高怡俊,29,,,,,,14.5,脉策经营收入
武汉市京汉大道1250号,,,城市,武汉市规划研究院,武汉,城市事业部,2017-11-09 00:00:00,武汉市长江两岸城市设计数据平台开发,一期,高怡俊,,一期款,14.5,,,,,脉策经营收入
武汉市京汉大道1250号,,,城市,武汉市规划研究院,武汉,城市事业部,2017-12-04 00:00:00,武汉市长江两岸城市设计数据平台开发,一期,高怡俊,,一期款,,14.5,,,,脉策经营收入
武汉市京汉大道1250号,,,城市,武汉市规划研究院,武汉,城市事业部,2017-11-03 00:00:00,武汉市长江两岸城市设计前期研究,零期,高怡俊,26,,,,,,26,脉策经营收入
上海市世博村路300号,,,城市,上海市经济和信息化委员会,上海,城市事业部,2017-11-06 00:00:00,制造业“十三五”规划主要目标和指标实施情况分解的专项服务,零期,刘培锐,19,,,,,,,脉策经营收入
上海市世博村路300号,,,城市,上海市经济和信息化委员会,上海,城市事业部,2017-11-06 00:00:00,制造业“十三五”规划主要目标和指标实施情况分解的专项服务,一期,刘培锐,,一期款,19,,,,,脉策经营收入
上海市世博村路300号,,,城市,上海市经济和信息化委员会,上海,城市事业部,2017-11-06 00:00:00,制造业“十三五”规划主要目标和指标实施情况分解的专项服务,一期,刘培锐,,一期款,,19,,,,脉策经营收入
上海市浦东新区秀沿西路189号B4楼,,,零售和其他,上海理想信息产业（集团）有限公司,上海,旅游事业部,2017-11-08 00:00:00,移动互联网爬虫关键技术研究项目,零期,李庆华,30,,,,,,,脉策经营收入
上海市浦东新区秀沿西路189号B4楼,,,零售和其他,上海理想信息产业（集团）有限公司,上海,旅游事业部,2017-12-06 00:00:00,移动互联网爬虫关键技术研究项目,一期,李庆华,,一期款,30,,,,,脉策经营收入
上海市浦东新区秀沿西路189号B4楼,,,零售和其他,上海理想信息产业（集团）有限公司,上海,旅游事业部,2017-12-22 00:00:00,移动互联网爬虫关键技术研究项目,一期,李庆华,,一期款,,30,,,,脉策经营收入
上海市世博村路300号,,,城市,上海市经济和信息化委员会,上海,旅游事业部,2017-11-08 00:00:00,产业园区经济运行监测及展示平构架服务,零期,李庆华,13,,,,,,,脉策经营收入
上海市世博村路300号,,,城市,上海市经济和信息化委员会,上海,旅游事业部,2017-11-13 00:00:00,产业园区经济运行监测及展示平构架服务,一期,李庆华,,一期款,13,,,,,脉策经营收入
上海市世博村路300号,,,城市,上海市经济和信息化委员会,上海,旅游事业部,2017-11-13 00:00:00,产业园区经济运行监测及展示平构架服务,一期,李庆华,,一期款,,13,,,,脉策经营收入
上海市浦东大道900号华辰金融大厦7层,,,地产,上海万科地产有限公司,上海,地产事业部,2017-11-15 00:00:00,DataMap,零期,郭斌亮,30,,,,,9,12,脉策经营收入
上海市浦东大道900号华辰金融大厦7层,,,地产,上海万科地产有限公司,上海,地产事业部,2017-12-06 00:00:00,DataMap,一期,郭斌亮,,一期款,18,,,,,脉策经营收入
上海市浦东大道900号华辰金融大厦7层,,,地产,上海万科地产有限公司,上海,地产事业部,2017-12-22 00:00:00,DataMap,一期,郭斌亮,,一期款,,18,,,,脉策经营收入
上海市浦东大道900号华辰金融大厦7层,,,地产,上海万科地产有限公司,上海,地产事业部,2018-05-15 00:00:00,DataMap,二期,郭斌亮,,二期款,9,,,,,脉策经营收入
北京市东直门外大街39号京投快轨大厦608,,,零售和其他,北京腾云天下科技有限公司,北京,后台,2017-11-16 00:00:00,服务费用,零期,汤舸,18,,,,,,,脉策经营收入
北京市东直门外大街39号京投快轨大厦608,,,零售和其他,北京腾云天下科技有限公司,北京,后台,2017-11-17 00:00:00,服务费用,一期,汤舸,,一期款,18,,,,,脉策经营收入
北京市东直门外大街39号京投快轨大厦608,,,零售和其他,北京腾云天下科技有限公司,北京,后台,2017-11-24 00:00:00,服务费用,一期,汤舸,,一期款,,18,,,,脉策经营收入
杭州市滨江区长河街道网商路599号4幢7层,,,培训,网易（杭州）网络有限公司,杭州,培训事业部,2017-11-17 00:00:00,数据培训服务合同,零期,黄积小,4.49665,,,,,,,脉策经营收入
杭州市滨江区长河街道网商路599号4幢7层,,,培训,网易（杭州）网络有限公司,杭州,培训事业部,2017-11-17 00:00:00,数据培训服务合同,一期,黄积小,,一期款,4.49665,,,,,脉策经营收入
杭州市滨江区长河街道网商路599号4幢7层,,,培训,网易（杭州）网络有限公司,杭州,培训事业部,2017-12-26 00:00:00,数据培训服务合同,一期,黄积小,,一期款,,3.82521,,,,脉策经营收入
杭州市滨江区长河街道网商路599号4幢7层,,,培训,网易（杭州）网络有限公司,杭州,培训事业部,2018-01-26 00:00:00,数据培训服务合同,一期,黄积小,,二期款,,0.67144,,,,脉策经营收入
上海市杨浦区国泰路127弄复旦科技园2号楼339,,,培训,上海复旦规划建筑设计研究院有限公司,上海,培训事业部,2017-11-17 00:00:00,数据培训服务合同,零期,黄积小,0.69,,,,,,,脉策经营收入
上海市杨浦区国泰路127弄复旦科技园2号楼339,,,培训,上海复旦规划建筑设计研究院有限公司,上海,培训事业部,2017-11-13 00:00:00,数据培训服务合同,一期,黄积小,,一期款,0.69,,,,,脉策经营收入
上海市杨浦区国泰路127弄复旦科技园2号楼339,,,培训,上海复旦规划建筑设计研究院有限公司,上海,培训事业部,2017-12-01 00:00:00,数据培训服务合同,一期,黄积小,,一期款,,0.69,,,,脉策经营收入
郑州经济技术开发区经开第八大街以东,,,地产,郑州绿都地产集团股份有限公司,郑州,地产事业部,2017-11-18 00:00:00,DataMap,零期,王可青,25,,,,绿都,,1.25,脉策经营收入
郑州经济技术开发区经开第八大街以东,,,地产,郑州绿都地产集团股份有限公司,郑州,地产事业部,2017-11-17 00:00:00,DataMap,一期,王可青,,一期款,10,,绿都,,,脉策经营收入
郑州经济技术开发区经开第八大街以东,,,地产,郑州绿都地产集团股份有限公司,郑州,地产事业部,2017-12-04 00:00:00,DataMap,一期,王可青,,一期款,,10,绿都,,,脉策经营收入
郑州经济技术开发区经开第八大街以东,,,地产,郑州绿都地产集团股份有限公司,郑州,地产事业部,2017-12-13 00:00:00,DataMap,二期,王可青,,二期款,13.75,,绿都,,,脉策经营收入
郑州经济技术开发区经开第八大街以东,,,地产,郑州绿都地产集团股份有限公司,郑州,地产事业部,2017-12-27 00:00:00,DataMap,二期,王可青,,二期款,,13.75,绿都,,,脉策经营收入
深圳市前海深港合作区前湾一路1号A栋201室,,,地产,深圳威新软件科技有限公司-金地商置,深圳,地产事业部,2017-11-18 00:00:00,DataMap,零期,王可青,24,,,,金地,,4.8,脉策经营收入
深圳市前海深港合作区前湾一路1号A栋201室,,,地产,深圳威新软件科技有限公司-金地商置,深圳,地产事业部,2017-11-29 00:00:00,DataMap,一期,王可青,,一期款,7.2,,金地,,,脉策经营收入
深圳市前海深港合作区前湾一路1号A栋201室,,,地产,深圳威新软件科技有限公司-金地商置,深圳,地产事业部,2017-12-15 00:00:00,DataMap,一期,王可青,,一期款,,7.2,金地,,,脉策经营收入
深圳市前海深港合作区前湾一路1号A栋201室,,,地产,深圳威新软件科技有限公司-金地商置,深圳,地产事业部,2018-04-13 00:00:00,DataMap,二期,王可青,,二期款,12,,金地,,,脉策经营收入
深圳市前海深港合作区前湾一路1号A栋201室,,,地产,深圳威新软件科技有限公司-金地商置,深圳,地产事业部,2018-04-28 00:00:00,DataMap,二期,王可青,,二期款,,12,金地,,,脉策经营收入
上海市浦东新区浦建路241号,,,城市,上海市浦东新区规划设计研究院,上海,城市事业部,2017-11-19 00:00:00,上海市浦东新区规划设计研究院,零期,刘谷一,19,,,,,,,脉策经营收入
上海市浦东新区浦建路241号,,,城市,上海市浦东新区规划设计研究院,上海,城市事业部,2017-11-19 00:00:00,上海市浦东新区规划设计研究院,一期,刘谷一,,一期款,19,,,,,脉策经营收入
上海市浦东新区浦建路241号,,,城市,上海市浦东新区规划设计研究院,上海,城市事业部,2017-12-14 00:00:00,上海市浦东新区规划设计研究院,一期,刘谷一,,一期款,,19,,,,脉策经营收入
杭州市桐庐县迎春南路258号国资大厦12楼1209室,,,旅游,桐庐县旅游委员会,杭州,旅游事业部,2017-11-21 00:00:00,旅游大数据平台建设项目,零期,李庆华,48,,,,,14.4,14.4,脉策经营收入
杭州市桐庐县迎春南路258号国资大厦12楼1209室,,,旅游,桐庐县旅游委员会,杭州,旅游事业部,2017-11-29 00:00:00,旅游大数据平台建设项目,一期,李庆华,,一期款,33.6,,,,,脉策经营收入
杭州市桐庐县迎春南路258号国资大厦12楼1209室,,,旅游,桐庐县旅游委员会,杭州,旅游事业部,2017-12-12 00:00:00,旅游大数据平台建设项目,一期,李庆华,,一期款,,33.6,,,,脉策经营收入
杭州市桐庐县迎春南路258号国资大厦12楼1209室,,,旅游,桐庐县旅游委员会,杭州,旅游事业部,2018-05-23 00:00:00,旅游大数据平台建设项目,二期,李庆华,,二期款,14.4,,,,,脉策经营收入
上海市黄浦区北京西路95号701室,,,城市,上海市规划编审中心,上海,城市事业部,2017-11-28 00:00:00,15分钟社区生活圈设施使用监测的方法研究(3个合同）,零期,刘培锐,18,,,,,,12,脉策经营收入
上海市黄浦区北京西路95号701室,,,城市,上海市规划编审中心,上海,城市事业部,2018-02-02 00:00:00,15分钟社区生活圈设施使用监测的方法研究(3个合同）,一期,刘培锐,,一期款,6,,,,,脉策经营收入
上海市黄浦区北京西路95号701室,,,城市,上海市规划编审中心,上海,城市事业部,2018-03-27 00:00:00,15分钟社区生活圈设施使用监测的方法研究(3个合同）,一期,刘培锐,,一期款,,6,,,,脉策经营收入
上海市浦东区陆家嘴环路汇亚大厦,,,地产,GIC,上海,地产事业部,2017-12-04 00:00:00,DataMap,零期,王可青,29.167109,,,,GIC,,,脉策经营收入
上海市浦东区陆家嘴环路汇亚大厦,,,地产,GIC,上海,地产事业部,2018-01-16 00:00:00,DataMap,一期,王可青,,一期款,29.167109,,GIC,,,脉策经营收入
上海市浦东区陆家嘴环路汇亚大厦,,,地产,GIC,上海,地产事业部,2018-01-16 00:00:00,DataMap,一期,王可青,,一期款,,29.167109,GIC,,,脉策经营收入
北京市东直门外大街39号京投快轨大厦608,,,地产,北京腾云天下科技有限公司,北京,地产事业部,2017-12-03 00:00:00,蓝光项目,零期,汤舸,75,,,,蓝光,,,脉策经营收入
北京市东直门外大街39号京投快轨大厦608,,,地产,北京腾云天下科技有限公司,北京,地产事业部,2018-02-26 00:00:00,蓝光项目,一期,汤舸,,一期款,75,,蓝光,,,脉策经营收入
北京市东直门外大街39号京投快轨大厦608,,,地产,北京腾云天下科技有限公司,北京,地产事业部,2018-02-28 00:00:00,蓝光项目,一期,汤舸,,一期款,,75,蓝光,,,脉策经营收入
上海市浦东新区平度路258号,,,地产,上海德兴投资管理有限公司,上海,地产事业部,2017-12-07 00:00:00,DataMap,零期,王可青,32,,,,证大,,,脉策经营收入
上海市浦东新区平度路258号,,,地产,上海德兴投资管理有限公司,上海,地产事业部,2017-12-07 00:00:00,DataMap,一期,王可青,,一期款,16,,证大,,,脉策经营收入
上海市浦东新区平度路258号,,,地产,上海德兴投资管理有限公司,上海,地产事业部,2017-12-21 00:00:00,DataMap,一期,王可青,,一期款,,16,证大,,,脉策经营收入
上海市浦东新区平度路258号,,,地产,上海德兴投资管理有限公司,上海,地产事业部,2018-04-19 00:00:00,DataMap,二期,王可青,,二期款,16,,证大,,,脉策经营收入
上海市浦东新区平度路258号,,,地产,上海德兴投资管理有限公司,上海,地产事业部,2018-05-02 00:00:00,DataMap,二期,王可青,,二期款,,16,证大,,,脉策经营收入
上海市杨浦区长阳路1568号,,,零售和其他,上海经纬建筑规划设计研究院股份公司,上海,城市事业部,2017-12-12 00:00:00,数据咨询服务合同,零期,刘谷一,5,,,,,5,5,脉策经营收入
上海市杨浦区长阳路1568号,,,零售和其他,上海经纬建筑规划设计研究院股份公司,上海,城市事业部,2018-01-10 00:00:00,数据咨询服务合同,一期,刘谷一,,一期款,5,,,,,脉策经营收入
北京市西城区鸭子桥10号院,,,零售和其他,北京城市象限科技有限公司,北京,后台,2017-12-08 00:00:00,数据咨询服务合同,零期,孙怀杰,2,,,,,,,脉策经营收入
北京市西城区鸭子桥10号院,,,零售和其他,北京城市象限科技有限公司,北京,后台,2017-12-08 00:00:00,数据咨询服务合同,一期,孙怀杰,,,1,,,,,脉策经营收入
北京市西城区鸭子桥10号院,,,零售和其他,北京城市象限科技有限公司,北京,后台,2017-12-08 00:00:00,数据咨询服务合同,一期,孙怀杰,,,,1,,,,脉策经营收入
北京市西城区鸭子桥10号院,,,零售和其他,北京城市象限科技有限公司,北京,后台,2018-01-25 00:00:00,数据咨询服务合同,二期,孙怀杰,,二期款,1,,,,,脉策经营收入
北京市西城区鸭子桥10号院,,,零售和其他,北京城市象限科技有限公司,北京,后台,2018-01-25 00:00:00,数据咨询服务合同,二期,孙怀杰,,二期款,,1,,,,脉策经营收入
济南市历下区鲁商国奥城2号楼19层,,,地产,济南万科房地产开发有限公司,济南,地产事业部,2017-12-12 00:00:00,DataMap,零期,王可青,50,,,,万科,5,5,脉策经营收入
济南市历下区鲁商国奥城2号楼19层,,,地产,济南万科房地产开发有限公司,济南,地产事业部,2017-12-13 00:00:00,DataMap,一期,王可青,,一期款,50,,万科,,,脉策经营收入
济南市历下区鲁商国奥城2号楼19层,,,地产,济南万科房地产开发有限公司,济南,地产事业部,2018-02-11 00:00:00,DataMap,一期,王可青,,一期款,,28,万科,,,脉策经营收入
济南市历下区鲁商国奥城2号楼19层,,,地产,济南万科房地产开发有限公司,济南,地产事业部,2018-05-25 00:00:00,DataMap,二期,王可青,,二期款,,17,万科,,,脉策经营收入
北京市海淀区北四环西路9号2104,,,零售和其他,北京源智天下科技有限公司,北京,数据科学团队,2017-12-14 00:00:00,版权服务费,零期,王咏笑,0.69,,,,,,,脉策经营收入
北京市海淀区北四环西路9号2104,,,零售和其他,北京源智天下科技有限公司,北京,数据科学团队,2017-12-14 00:00:00,版权服务费,一期,王咏笑,,一期款,0.69,,,,,脉策经营收入
北京市海淀区北四环西路9号2104,,,零售和其他,北京源智天下科技有限公司,北京,数据科学团队,2017-12-21 00:00:00,版权服务费,一期,王咏笑,,一期款,,0.69,,,,脉策经营收入
上海市延安东路1200号电信世界12-14层,,,城市,上海投资咨询公司,上海,城市事业部,2017-12-15 00:00:00,数据咨询服务合同,零期,刘培锐,3,,,,,,,脉策经营收入
上海市延安东路1200号电信世界12-14层,,,城市,上海投资咨询公司,上海,城市事业部,2017-12-15 00:00:00,数据咨询服务合同,一期,刘培锐,,一期款,3,,,,,脉策经营收入
上海市延安东路1200号电信世界12-14层,,,城市,上海投资咨询公司,上海,城市事业部,2017-12-21 00:00:00,数据咨询服务合同,一期,刘培锐,,一期款,,3,,,,脉策经营收入
北京市门头沟区石龙经济开发区永安路20号3号楼A-4599室,,,地产,冠寓商业管理有限公司,北京,地产事业部,2017-12-19 00:00:00,DataMap,零期,王可青,10,,,,龙湖,,,脉策经营收入
北京市门头沟区石龙经济开发区永安路20号3号楼A-4599室,,,地产,冠寓商业管理有限公司,北京,地产事业部,2017-12-19 00:00:00,DataMap,一期,王可青,,一期款,10,,龙湖,,,脉策经营收入
北京市门头沟区石龙经济开发区永安路20号3号楼A-4599室,,,地产,冠寓商业管理有限公司,北京,地产事业部,2017-12-22 00:00:00,DataMap,一期,王可青,,一期款,,10,龙湖,,,脉策经营收入
成都市武侯区武晋路1488号龙湖金楠天街17栋5-9层,,,地产,成都龙湖锦鸿置业有限公司,成都,地产事业部,2017-12-20 00:00:00,DataMap,零期,王可青,30,,,,龙湖,6,24,脉策经营收入
成都市武侯区武晋路1488号龙湖金楠天街17栋5-9层,,,地产,成都龙湖锦鸿置业有限公司,成都,地产事业部,2018-01-17 00:00:00,DataMap,一期,王可青,,一期款,6,,龙湖,,,脉策经营收入
成都市武侯区武晋路1488号龙湖金楠天街17栋5-9层,,,地产,成都龙湖锦鸿置业有限公司,成都,地产事业部,2018-01-25 00:00:00,DataMap,一期,王可青,,一期款,,6,龙湖,,,脉策经营收入
成都市武侯区武晋路1488号龙湖金楠天街17栋5-9层,,,地产,成都龙湖锦鸿置业有限公司,成都,地产事业部,2018-05-16 00:00:00,DataMap,二期,王可青,,二期款,6,,龙湖,,,脉策经营收入
上海市嘉定区金沙江西路1555弄388号一层108室,,,地产,上海恒逸房地产有限公司,上海,地产事业部,2017-12-26 00:00:00,数据咨询服务合同,零期,王道强,4.9,,,,龙湖,,,脉策经营收入
上海市嘉定区金沙江西路1555弄388号一层108室,,,地产,上海恒逸房地产有限公司,上海,地产事业部,2018-03-02 00:00:00,数据咨询服务合同,一期,王道强,,一期款,4.9,,龙湖,,,脉策经营收入
上海市嘉定区金沙江西路1555弄388号一层108室,,,地产,上海恒逸房地产有限公司,上海,地产事业部,2018-04-24 00:00:00,数据咨询服务合同,一期,王道强,,一期款,,4.9,龙湖,,,脉策经营收入
上海市闵行区七莘路3333号,,,地产,上海新宝置业有限公司,上海,数字化运营事业部,2018-01-02 00:00:00,数据咨询服务合同,零期,陈焱,35,,,,万科,33.25,35,脉策经营收入
上海市闵行区七莘路3333号,,,地产,上海新宝置业有限公司,上海,数字化运营事业部,2018-05-08 00:00:00,数据咨询服务合同,一期,陈焱,,一期款,33.25,,万科,,,脉策经营收入
上海市长宁区临虹路168弄5号,,,城市,中国城市规划设计研究院上海分院,上海,城市事业部,2018-01-03 00:00:00,数据咨询服务合同,零期,刘谷一,18,,,,,,18,脉策经营收入
上海市闵行区银都路3700号,,,城市,上海市公安局闵行分局,上海,数据科学团队,2018-02-27 00:00:00,数据咨询服务合同,零期,邝远霄,2.8,,,,,,,脉策经营收入
上海市闵行区银都路3700号,,,城市,上海市公安局闵行分局,上海,数据科学团队,2018-02-26 00:00:00,数据咨询服务合同,一期,邝远霄,,一期款,2.8,,,,,脉策经营收入
上海市闵行区银都路3700号,,,城市,上海市公安局闵行分局,上海,数据科学团队,2018-03-26 00:00:00,数据咨询服务合同,一期,邝远霄,,一期款,,2.8,,,,脉策经营收入
上海市江浦路549号,,,城市,上海市杨浦区发展和改革委员会,上海,城市事业部,2018-01-08 00:00:00,数据咨询服务合同,零期,刘谷一,0.5,,,,,,,脉策经营收入
上海市江浦路549号,,,城市,上海市杨浦区发展和改革委员会,上海,城市事业部,2018-01-08 00:00:00,数据咨询服务合同,一期,刘谷一,,一期款,0.5,,,,,脉策经营收入
上海市江浦路549号,,,城市,上海市杨浦区发展和改革委员会,上海,城市事业部,2018-02-02 00:00:00,数据咨询服务合同,一期,刘谷一,,一期款,,0.5,,,,脉策经营收入
上海市雪野路928号,,,地产,上海地产集团,上海,数字化运营事业部,2018-01-09 00:00:00,数据咨询服务合同,零期,陈焱,58,,,,上海地产,,58,脉策经营收入
徐州市鼓楼区九里山西路1号,,,地产,徐州万汇置业有限公司,徐州,城市事业部,2018-01-12 00:00:00,DataMap,零期,刘培锐,36,,,,万科,,24,脉策经营收入
徐州市鼓楼区九里山西路1号,,,地产,徐州万汇置业有限公司,徐州,城市事业部,2018-04-09 00:00:00,DataMap,一期,刘培锐,,一期款,12,,万科,,,脉策经营收入
徐州市鼓楼区九里山西路1号,,,地产,徐州万汇置业有限公司,徐州,城市事业部,2018-05-23 00:00:00,DataMap,一期,刘培锐,,一期款,,12,万科,,,脉策经营收入
上海市龙阳路永达大厦,,,零售和其他,上海数卜信息科技有限公司,上海,数据科学团队,2018-01-05 00:00:00,服务费用,零期,孙怀杰,24,,,,,,16,脉策经营收入
上海市龙阳路永达大厦,,,零售和其他,上海数卜信息科技有限公司,上海,数据科学团队,2018-01-06 00:00:00,服务费用,一期,孙怀杰,,一期款,2,,,,,脉策经营收入
上海市龙阳路永达大厦,,,零售和其他,上海数卜信息科技有限公司,上海,数据科学团队,2018-01-12 00:00:00,服务费用,一期,孙怀杰,,一期款,,2,,,,脉策经营收入
上海市龙阳路永达大厦,,,零售和其他,上海数卜信息科技有限公司,上海,数据科学团队,2018-03-07 00:00:00,服务费用,二期,孙怀杰,,二期款,4,,,,,脉策经营收入
上海市龙阳路永达大厦,,,零售和其他,上海数卜信息科技有限公司,上海,数据科学团队,2018-03-30 00:00:00,服务费用,二期,孙怀杰,,二期款,,4,,,,脉策经营收入
上海市龙阳路永达大厦,,,零售和其他,上海数卜信息科技有限公司,上海,数据科学团队,2018-04-17 00:00:00,服务费用,三期,孙怀杰,,三期款,2,,,,,脉策经营收入
上海市龙阳路永达大厦,,,零售和其他,上海数卜信息科技有限公司,上海,数据科学团队,2018-04-20 00:00:00,服务费用,三期,孙怀杰,,三期款,,2,,,,脉策经营收入
中国（上海）自由贸易试验区张江路727号208A,,,地产,上海瀚茂企业管理有限公司,上海,地产事业部,2018-02-12 00:00:00,DataMap,零期,郭斌亮,30,,,,万科,9,15,脉策经营收入
中国（上海）自由贸易试验区张江路727号208A,,,地产,上海瀚茂企业管理有限公司,上海,地产事业部,2018-03-20 00:00:00,DataMap,一期,郭斌亮,,一期款,15,,万科,,,脉策经营收入
中国（上海）自由贸易试验区张江路727号208A,,,地产,上海瀚茂企业管理有限公司,上海,地产事业部,2018-03-20 00:00:00,DataMap,二期,郭斌亮,,二期款,9,,万科,,,脉策经营收入
中国（上海）自由贸易试验区张江路727号208A,,,地产,上海瀚茂企业管理有限公司,上海,地产事业部,2018-05-24 00:00:00,DataMap,一期,郭斌亮,,一期款,,15,万科,,,脉策经营收入
上海市奉贤区南桥镇,,,地产,上海卓骕房地产开发有限公司,上海,地产事业部,2018-03-05 00:00:00,数据咨询服务合同,零期,王旻昊,5,,,,金地,,,脉策经营收入
上海市奉贤区南桥镇,,,地产,上海卓骕房地产开发有限公司,上海,地产事业部,2018-04-08 00:00:00,数据咨询服务合同,一期,王旻昊,,一期款,5,,金地,,,脉策经营收入
上海市奉贤区南桥镇,,,地产,上海卓骕房地产开发有限公司,上海,地产事业部,2018-04-26 00:00:00,数据咨询服务合同,一期,王旻昊,,一期款,,5,金地,,,脉策经营收入
厦门市思明区厦禾路1036号四楼G127,,,地产,厦门冠寓商业管理有限公司,厦门,地产事业部,2018-03-06 00:00:00,DataMap,零期,王道强,15,,,,龙湖,10,10,脉策经营收入
厦门市思明区厦禾路1036号四楼G127,,,地产,厦门冠寓商业管理有限公司,厦门,地产事业部,2018-03-26 00:00:00,DataMap,一期,王道强,,一期款,5,,龙湖,,,脉策经营收入
厦门市思明区厦禾路1036号四楼G127,,,地产,厦门冠寓商业管理有限公司,厦门,地产事业部,2018-04-16 00:00:00,DataMap,一期,王道强,,一期款,,5,龙湖,,,脉策经营收入
厦门市思明区厦禾路1036号四楼G127,,,地产,厦门冠寓商业管理有限公司,厦门,地产事业部,2018-06-01 00:00:00,DataMap,二期,王道强,,二期款,10,,龙湖,,,脉策经营收入
杭州市余杭区南苑街道迎宾路501号,,,地产,杭州高庆房地产有限公司,杭州,地产事业部,2018-03-07 00:00:00,"余之城AI Store 互动系统开发

",零期,王可青,13,,,,,,5,脉策经营收入
杭州市余杭区南苑街道迎宾路501号,,,地产,杭州高庆房地产有限公司,杭州,地产事业部,2018-03-07 00:00:00,"余之城AI Store 互动系统开发

",一期,王可青,,一期款,3,,,,,脉策经营收入
杭州市余杭区南苑街道迎宾路501号,,,地产,杭州高庆房地产有限公司,杭州,地产事业部,2018-03-28 00:00:00,"余之城AI Store 互动系统开发

",一期,王可青,,一期款,,3,,,,脉策经营收入
杭州市余杭区南苑街道迎宾路501号,,,地产,杭州高庆房地产有限公司,杭州,地产事业部,2018-03-28 00:00:00,"余之城AI Store 互动系统开发

",二期,王可青,,二期款,5,,,,,脉策经营收入
杭州市余杭区南苑街道迎宾路501号,,,地产,杭州高庆房地产有限公司,杭州,地产事业部,2018-04-12 00:00:00,"余之城AI Store 互动系统开发

",二期,王可青,,二期款,,5,,,,脉策经营收入
北京市东直门外大街39号京投快轨大厦608,,,零售和其他,北京腾云天下科技有限公司,北京,后台,2018-03-23 00:00:00,服务费用,零期,汤舸,20,,,,,,,脉策经营收入
北京市东直门外大街39号京投快轨大厦608,,,零售和其他,北京腾云天下科技有限公司,北京,后台,2018-03-23 00:00:00,服务费用,一期,汤舸,,一期款,20,,,,,脉策经营收入
北京市东直门外大街39号京投快轨大厦608,,,零售和其他,北京腾云天下科技有限公司,北京,后台,2018-03-30 00:00:00,服务费用,一期,汤舸,,一期款,,20,,,,脉策经营收入
抚顺市顺城区,,,旅游,抚顺市旅游产业发展委员会,抚顺,旅游事业部,2018-03-09 00:00:00,抚顺市游客动态数据平台建设方案设计,零期,李庆华,8,,,,,,2.4,脉策经营收入
抚顺市顺城区,,,旅游,抚顺市旅游产业发展委员会,抚顺,旅游事业部,2018-03-09 00:00:00,抚顺市游客动态数据平台建设方案设计,一期,李庆华,,一期款,5.6,,,,,脉策经营收入
抚顺市顺城区,,,旅游,抚顺市旅游产业发展委员会,抚顺,旅游事业部,2018-03-22 00:00:00,抚顺市游客动态数据平台建设方案设计,一期,李庆华,,一期款,,5.6,,,,脉策经营收入
南京市鼓楼区华侨路高家酒馆15号,,,城市,南京市城市规划编制研究中心,南京,城市事业部,2018-03-13 00:00:00,南京市城市总体规划专题研究,零期,刘谷一,36,,,,,,25.2,脉策经营收入
南京市鼓楼区华侨路高家酒馆15号,,,城市,南京市城市规划编制研究中心,南京,城市事业部,2018-03-13 00:00:00,南京市城市总体规划专题研究,一期,刘谷一,,一期款,10.8,,,,,脉策经营收入
南京市鼓楼区华侨路高家酒馆15号,,,城市,南京市城市规划编制研究中心,南京,城市事业部,2018-03-27 00:00:00,南京市城市总体规划专题研究,一期,刘谷一,,一期款,,10.8,,,,脉策经营收入
青岛市城阳区双元路16号,,,地产,青岛龙湖置业拓展有限公司,青岛,地产事业部,2018-03-15 00:00:00,DataMap,零期,王道强,30,,,,龙湖,,9,脉策经营收入
青岛市城阳区双元路16号,,,地产,青岛龙湖置业拓展有限公司,青岛,地产事业部,2018-03-15 00:00:00,DataMap,一期,王道强,,一期款,12,,龙湖,,,脉策经营收入
青岛市城阳区双元路16号,,,地产,青岛龙湖置业拓展有限公司,青岛,地产事业部,2018-03-30 00:00:00,DataMap,一期,王道强,,一期款,,12,龙湖,,,脉策经营收入
青岛市城阳区双元路16号,,,地产,青岛龙湖置业拓展有限公司,青岛,地产事业部,2018-05-02 00:00:00,DataMap,二期,王道强,,二期款,9,,龙湖,,,脉策经营收入
青岛市城阳区双元路16号,,,地产,青岛龙湖置业拓展有限公司,青岛,地产事业部,2018-05-02 00:00:00,DataMap,二期,王道强,,二期款,,9,龙湖,,,脉策经营收入
深圳市南山区华侨城创意文化园E5栋,,,地产,深圳华侨城创新研究院有限公司,深圳,城市事业部,2018-03-21 00:00:00,数据咨询服务合同,零期,刘谷一,30,,,,华侨城,15,15,脉策经营收入
深圳市南山区华侨城创意文化园E5栋,,,地产,深圳华侨城创新研究院有限公司,深圳,城市事业部,2018-04-20 00:00:00,数据咨询服务合同,一期,刘谷一,,一期款,15,,华侨城,,,脉策经营收入
深圳市南山区华侨城创意文化园E5栋,,,地产,深圳华侨城创新研究院有限公司,深圳,城市事业部,2018-04-08 00:00:00,数据咨询服务合同,一期,刘谷一,,一期款,,15,华侨城,,,脉策经营收入
深圳市南山区华侨城创意文化园E5栋,,,地产,深圳华侨城创新研究院有限公司,深圳,城市事业部,2018-04-20 00:00:00,数据咨询服务合同,二期,刘谷一,,二期款,15,,华侨城,,,脉策经营收入
天津市河西区,,,地产,天津睿吉置业有限公司,天津,地产事业部,2018-03-21 00:00:00,数据咨询服务合同,零期,王道强,30,,,,龙湖,,15,脉策经营收入
天津市河西区,,,地产,天津睿吉置业有限公司,天津,地产事业部,2018-03-21 00:00:00,数据咨询服务合同,一期,王道强,,一期款,15,,龙湖,,,脉策经营收入
天津市河西区,,,地产,天津睿吉置业有限公司,天津,地产事业部,2018-03-28 00:00:00,数据咨询服务合同,一期,王道强,,一期款,,15,龙湖,,,脉策经营收入
上海市徐汇区田林路200号华鑫天地B座3楼,,,零售和其他,永辉云创科技有限公司,上海,地产事业部,2018-03-26 00:00:00,DataMap,零期,王可青,60,,,,永辉,,30,脉策经营收入
上海市徐汇区田林路200号华鑫天地B座3楼,,,零售和其他,永辉云创科技有限公司,上海,地产事业部,2018-03-26 00:00:00,DataMap,一期,王可青,,一期款,30,,永辉,,,脉策经营收入
上海市徐汇区田林路200号华鑫天地B座3楼,,,零售和其他,永辉云创科技有限公司,上海,地产事业部,2018-05-22 00:00:00,DataMap,一期,王可青,,一期款,,30,永辉,,,脉策经营收入
上海市闵行区虹梅路3125号,,,地产,上海魔域投资管理有限公司,上海,地产事业部,2018-03-27 00:00:00,魔方集团地图大数据分析与运营定价模型试点项目,零期,王可青,45,,,,,,20,脉策经营收入
上海市闵行区虹梅路3125号,,,地产,上海魔域投资管理有限公司,上海,地产事业部,2018-04-11 00:00:00,魔方集团地图大数据分析与运营定价模型试点项目,一期,王可青,,一期款,25,,,,,脉策经营收入
上海市闵行区虹梅路3125号,,,地产,上海魔域投资管理有限公司,上海,地产事业部,2018-05-09 00:00:00,魔方集团地图大数据分析与运营定价模型试点项目,一期,王可青,,一期款,,25,,,,脉策经营收入
杭州市富春路188号,,,旅游,杭州市旅游委员会,杭州,旅游事业部,2018-03-27 00:00:00,杭州旅游经济实验室数据采集、挖掘和服务——搜索数据采集项目合同,零期,李庆华,29.7,,,,,,8.91,脉策经营收入
杭州市富春路188号,,,旅游,杭州市旅游委员会,杭州,旅游事业部,2018-03-27 00:00:00,杭州旅游经济实验室数据采集、挖掘和服务——搜索数据采集项目合同,一期,李庆华,,一期款,20.79,,,,,脉策经营收入
杭州市富春路188号,,,旅游,杭州市旅游委员会,杭州,旅游事业部,2018-04-08 00:00:00,杭州旅游经济实验室数据采集、挖掘和服务——搜索数据采集项目合同,一期,李庆华,,一期款,,20.79,,,,脉策经营收入
南京市浦口区江浦街道凤凰大街10号,,,地产,南京金拓房地产开发有限公司,南京,数字化运营事业部,2018-03-27 00:00:00,营销信息系统,零期,陈焱,15,,,,金地,,15,脉策经营收入
句容市宝华镇,,,地产,句容明金泰置业有限公司,句容,数字化运营事业部,2018-03-27 00:00:00,营销信息系统,零期,陈焱,15,,,,金地,,15,脉策经营收入
北京市朝阳区东三环北路27号楼,,,地产,北京雅信房地产开发有限公司,北京,地产事业部,2018-03-28 00:00:00,雅居乐地产石家庄城市进入研究方案,零期,王道强,30,,,,雅居乐,12,21,脉策经营收入
北京市朝阳区东三环北路27号楼,,,地产,北京雅信房地产开发有限公司,北京,地产事业部,2018-04-08 00:00:00,雅居乐地产石家庄城市进入研究方案,一期,王道强,,一期款,9,,雅居乐,,,脉策经营收入
北京市朝阳区东三环北路27号楼,,,地产,北京雅信房地产开发有限公司,北京,地产事业部,2018-04-27 00:00:00,雅居乐地产石家庄城市进入研究方案,一期,王道强,,一期款,,9,雅居乐,,,脉策经营收入
北京市朝阳区东三环北路27号楼,,,地产,北京雅信房地产开发有限公司,北京,地产事业部,2018-05-07 00:00:00,雅居乐地产石家庄城市进入研究方案,二期,王道强,,二期款,12,,雅居乐,,,脉策经营收入
上海市东方路3447号,,,城市,上海市城市建设设计研究总院(集团)有限公司,上海,城市事业部,2018-04-11 00:00:00,铁路客运交通枢纽地区集约化城市设计技术与应用,零期,刘培锐,20,,,,,,10,脉策经营收入
上海市东方路3447号,,,城市,上海市城市建设设计研究总院(集团)有限公司,上海,城市事业部,2018-04-11 00:00:00,铁路客运交通枢纽地区集约化城市设计技术与应用,一期,刘培锐,,一期款,10,,,,,脉策经营收入
上海市东方路3447号,,,城市,上海市城市建设设计研究总院(集团)有限公司,上海,城市事业部,2018-05-15 00:00:00,铁路客运交通枢纽地区集约化城市设计技术与应用,一期,刘培锐,,一期款,,10,,,,脉策经营收入
上海市人民大道200号,,,城市,上海市发展和改革委员会,上海,城市事业部,2018-04-13 00:00:00,深化完善“十三五”规划数据信息工作平台及大数据分析评价,零期,刘培锐,15,,,,,7.5,15,脉策经营收入
上海市人民大道200号,,,城市,上海市发展和改革委员会,上海,城市事业部,2018-05-23 00:00:00,深化完善“十三五”规划数据信息工作平台及大数据分析评价,一期,刘培锐,,一期款,7.5,,,,,脉策经营收入
江西省南昌市高新区艾溪湖北路188号,,,地产,南昌辰林房地产有限公司,南昌,地产事业部,2018-04-17 00:00:00,江西万科南昌城市地图数据平台,零期,郭斌亮,40,,,,万科,24,40,脉策经营收入
江西省南昌市高新区艾溪湖北路188号,,,地产,南昌辰林房地产有限公司,南昌,地产事业部,2018-05-02 00:00:00,江西万科南昌城市地图数据平台,一期,郭斌亮,,一期款,24,,万科,,,脉策经营收入
上海市静安区巨鹿路915号12楼,,,城市,中国共产主义青年团上海市静安区委员会,上海,城市事业部,2018-04-18 00:00:00,静安“青年大脑”——静安青少年24小时分布地图,零期,刘培锐,17.8,,,,,,17.8,脉策经营收入
上海市,,,地产,来安金弘新房地产有限公司,上海,数字化运营事业部,2018-04-19 00:00:00,营销信息系统,零期,陈焱,15,,,,金地,,15,脉策经营收入
杭州市西湖区天目山路358-3号,,,旅游,杭州市西湖区风景旅游局,杭州,旅游事业部,2018-04-23 00:00:00,杭州市西湖区旅游大数据平台建设项目,零期,李庆华,91,,,,,,27.3,脉策经营收入
杭州市西湖区天目山路358-3号,,,旅游,杭州市西湖区风景旅游局,杭州,旅游事业部,2018-04-23 00:00:00,杭州市西湖区旅游大数据平台建设项目,一期,李庆华,,一期款,63.7,,,,,脉策经营收入
杭州市西湖区天目山路358-3号,,,旅游,杭州市西湖区风景旅游局,杭州,旅游事业部,2018-05-28 00:00:00,杭州市西湖区旅游大数据平台建设项目,一期,李庆华,,一期款,,63.7,,,,脉策经营收入
上海市嘉定区金沙江西路1555弄388号一层1,,,地产,上海恒逸房地产有限公司（上海龙湖地产）,上海,地产事业部,2018-05-03 00:00:00,DataMap,零期,王道强,30,,,,龙湖,,30,脉策经营收入
上海市浦东新区世纪大道2001号,,,城市,浦东新区发展和改革委员会,上海,城市事业部,2018-05-14 00:00:00,浦东新区社会事业设施现状及控规比对分析系统,零期,刘培锐,19,,,,,7.6,19,脉策经营收入
上海市浦东新区世纪大道2001号,,,城市,浦东新区发展和改革委员会,上海,城市事业部,2018-05-14 00:00:00,浦东新区社会事业设施现状及控规比对分析系统,一期,刘培锐,,一期款,7.6,,,,,脉策经营收入
上海市浦东区陆家嘴环路汇亚大厦,,,地产,GIC,上海,地产事业部,2018-05-18 00:00:00,DataMap,零期,王可青,40.435872,,,,GIC,,,脉策经营收入
上海市浦东区陆家嘴环路汇亚大厦,,,地产,GIC,上海,地产事业部,2018-05-30 00:00:00,DataMap,一期,王可青,,一期款,40.435872,,GIC,,,脉策经营收入
上海市浦东区陆家嘴环路汇亚大厦,,,地产,GIC,上海,地产事业部,2018-05-30 00:00:00,DataMap,一期,王可青,,一期款,,40.435872,GIC,,,脉策经营收入
南京市,,,地产,南京金拓房地产开发有限公司,南京,数字化运营事业部,2018-05-22 00:00:00,商业WiFi巡展解决方案合作协议,零期,陈焱,2,,,,金地,,2,脉策经营收入
上海市新元南路555号,,,城市,上海临港经济发展（集团）有限公司,上海,城市事业部,2018-05-22 00:00:00,临港集团卓越科创园区数字支持系统框架研究,零期,刘培锐,29,,,,临港,14.5,29,脉策经营收入
上海市新元南路555号,,,城市,上海临港经济发展（集团）有限公司,上海,城市事业部,2018-05-22 00:00:00,临港集团卓越科创园区数字支持系统框架研究,一期,刘培锐,,一期款,14.5,,临港,,,脉策经营收入
上海市浦东新区新金桥路27号,,,地产,上海金桥出口加工区房地产发展有限公司,上海,数字化运营事业部,2018-06-04 00:00:00,临港新城大数据客户洞察分析,零期,陈焱,15,,,,,,,脉策经营收入
杭州滨江区,,,培训,网易课堂+腾讯课堂,杭州,培训事业部,2016-09-30 00:00:00,线上培训,一期,黄积小,29.67495,一期款,29.67495,29.67495,,,,脉策经营收入
杭州滨江区,,,培训,网易课堂+腾讯课堂,杭州,培训事业部,2016-10-31 00:00:00,线上培训,一期,黄积小,8.65693,一期款,8.65693,8.65693,,,,脉策经营收入
杭州滨江区,,,培训,网易课堂+腾讯课堂,杭州,培训事业部,2016-11-30 00:00:00,线上培训,一期,黄积小,30.58647,一期款,30.58647,30.58647,,,,脉策经营收入
杭州滨江区,,,培训,网易课堂+腾讯课堂,杭州,培训事业部,2016-12-30 00:00:00,线上培训,一期,黄积小,19.416886,一期款,19.416886,19.416886,,,,脉策经营收入
杭州滨江区,,,培训,网易课堂+腾讯课堂,杭州,培训事业部,2017-01-30 00:00:00,线上培训,一期,黄积小,13.641416,一期款,13.641416,13.641416,,,,脉策经营收入
杭州滨江区,,,培训,网易课堂+腾讯课堂,杭州,培训事业部,2017-02-28 00:00:00,线上培训,一期,黄积小,16.923655,一期款,16.923655,16.923655,,,,脉策经营收入
杭州滨江区,,,培训,网易课堂+腾讯课堂,杭州,培训事业部,2017-03-30 00:00:00,线上培训,一期,黄积小,16.91487,一期款,16.91487,16.91487,,,,脉策经营收入
杭州滨江区,,,培训,网易课堂+腾讯课堂,杭州,培训事业部,2017-04-30 00:00:00,线上培训,一期,黄积小,20.631092,一期款,20.631092,20.631092,,,,脉策经营收入
杭州滨江区,,,培训,网易课堂+腾讯课堂,杭州,培训事业部,2017-05-30 00:00:00,线上培训,一期,黄积小,11.651412,一期款,11.651412,11.651412,,,,脉策经营收入
杭州滨江区,,,培训,网易课堂+腾讯课堂,杭州,培训事业部,2017-06-30 00:00:00,线上培训,一期,黄积小,11.656468,一期款,11.656468,11.656468,,,,脉策经营收入
杭州滨江区,,,培训,网易课堂+腾讯课堂,杭州,培训事业部,2017-07-30 00:00:00,线上培训,一期,黄积小,12.474521,一期款,12.474521,12.474521,,,,脉策经营收入
杭州滨江区,,,培训,网易课堂+腾讯课堂,杭州,培训事业部,2017-08-30 00:00:00,线上培训,一期,黄积小,8.517324,一期款,8.517324,8.517324,,,,脉策经营收入
杭州滨江区,,,培训,网易课堂+腾讯课堂,杭州,培训事业部,2017-09-30 00:00:00,线上培训,一期,黄积小,10.470108,一期款,10.470108,10.470108,,,,脉策经营收入
杭州滨江区,,,培训,网易课堂+腾讯课堂,杭州,培训事业部,2017-10-30 00:00:00,线上培训,一期,黄积小,42.686964,一期款,42.686964,42.686964,,,,脉策经营收入
杭州滨江区,,,培训,网易课堂+腾讯课堂,杭州,培训事业部,2017-11-30 00:00:00,线上培训,一期,黄积小,19.89302,一期款,19.89302,19.89302,,,,脉策经营收入
杭州滨江区,,,培训,网易课堂+腾讯课堂,杭州,培训事业部,2017-12-25 00:00:00,线上培训,一期,黄积小,30.027146,一期款,30.027146,30.027146,,,,脉策经营收入
杭州滨江区,,,培训,网易课堂+腾讯课堂,杭州,培训事业部,2018-01-26 00:00:00,线上培训,一期,黄积小,68.855825,一期款,68.855825,68.855825,,,,脉策经营收入
杭州滨江区,,,培训,网易课堂+腾讯课堂,杭州,培训事业部,2018-02-28 00:00:00,线上培训,一期,黄积小,55.366643,一期款,55.366643,55.366643,,,,脉策经营收入
杭州滨江区,,,培训,网易课堂+腾讯课堂,杭州,培训事业部,2018-03-23 00:00:00,线上培训,一期,黄积小,20.91735,一期款,20.91735,20.91735,,,,脉策经营收入
杭州滨江区,,,培训,网易课堂+腾讯课堂,杭州,培训事业部,2018-04-28 00:00:00,线上培训,一期,黄积小,99.0467,一期款,99.0467,99.0467,,,,脉策经营收入
杭州滨江区,,,培训,网易课堂+腾讯课堂,杭州,培训事业部,2018-05-31 00:00:00,线上培训,一期,黄积小,52.085002,一期款,52.085002,52.085002,,,,脉策经营收入